﻿<?xml version="1.0" encoding="utf-8"?>
<abapGit version="v1.0.0" serializer="LCL_OBJECT_TABL" serializer_version="v1.0.0">
 <asx:abap xmlns:asx="http://www.sap.com/abapxml" version="1.0">
  <asx:values>
   <DD02V>
    <TABNAME>ZDJS_CURRD2</TABNAME>
    <DDLANGUAGE>E</DDLANGUAGE>
    <TABCLASS>TRANSP</TABCLASS>
    <CLIDEP>X</CLIDEP>
    <LANGDEP>X</LANGDEP>
    <DDTEXT>Draft table for entity ZCJS_R_CURRENCY</DDTEXT>
    <MASTERLANG>E</MASTERLANG>
    <CONTFLAG>A</CONTFLAG>
    <EXCLASS>4</EXCLASS>
   </DD02V>
   <DD09L>
    <TABNAME>ZDJS_CURRD2</TABNAME>
    <AS4LOCAL>A</AS4LOCAL>
    <TABKAT>4</TABKAT>
    <TABART>APPL1</TABART>
    <BUFALLOW>N</BUFALLOW>
   </DD09L>
   <DD03P_TABLE>
    <DD03P>
     <FIELDNAME>MANDT</FIELDNAME>
     <KEYFLAG>X</KEYFLAG>
     <ROLLNAME>MANDT</ROLLNAME>
     <ADMINFIELD>0</ADMINFIELD>
     <NOTNULL>X</NOTNULL>
     <COMPTYPE>E</COMPTYPE>
    </DD03P>
    <DD03P>
     <FIELDNAME>CURRENCY</FIELDNAME>
     <KEYFLAG>X</KEYFLAG>
     <ROLLNAME>WAERS_CURC</ROLLNAME>
     <ADMINFIELD>0</ADMINFIELD>
     <NOTNULL>X</NOTNULL>
     <COMPTYPE>E</COMPTYPE>
    </DD03P>
    <DD03P>
     <FIELDNAME>DECIMALS</FIELDNAME>
     <ADMINFIELD>0</ADMINFIELD>
     <INTTYPE>X</INTTYPE>
     <INTLEN>000001</INTLEN>
     <DATATYPE>INT1</DATATYPE>
     <LENG>000003</LENG>
     <MASK>  INT1</MASK>
    </DD03P>
    <DD03P>
     <FIELDNAME>CURRENCYISOCODE</FIELDNAME>
     <ADMINFIELD>0</ADMINFIELD>
     <INTTYPE>C</INTTYPE>
     <INTLEN>000006</INTLEN>
     <DATATYPE>CHAR</DATATYPE>
     <LENG>000003</LENG>
     <MASK>  CHAR</MASK>
    </DD03P>
    <DD03P>
     <FIELDNAME>ALTERNATIVECURRENCYKEY</FIELDNAME>
     <ADMINFIELD>0</ADMINFIELD>
     <INTTYPE>C</INTTYPE>
     <INTLEN>000006</INTLEN>
     <DATATYPE>CHAR</DATATYPE>
     <LENG>000003</LENG>
     <MASK>  CHAR</MASK>
    </DD03P>
    <DD03P>
     <FIELDNAME>CURRENCYNAME</FIELDNAME>
     <ADMINFIELD>0</ADMINFIELD>
     <INTTYPE>C</INTTYPE>
     <INTLEN>000080</INTLEN>
     <DATATYPE>CHAR</DATATYPE>
     <LENG>000040</LENG>
     <MASK>  CHAR</MASK>
    </DD03P>
    <DD03P>
     <FIELDNAME>CURRENCYSHORTNAME</FIELDNAME>
     <ADMINFIELD>0</ADMINFIELD>
     <INTTYPE>C</INTTYPE>
     <INTLEN>000030</INTLEN>
     <DATATYPE>CHAR</DATATYPE>
     <LENG>000015</LENG>
     <MASK>  CHAR</MASK>
    </DD03P>
    <DD03P>
     <FIELDNAME>CURRENCYCOMMENT</FIELDNAME>
     <ADMINFIELD>0</ADMINFIELD>
     <INTTYPE>C</INTTYPE>
     <INTLEN>000120</INTLEN>
     <DATATYPE>CHAR</DATATYPE>
     <LENG>000060</LENG>
     <MASK>  CHAR</MASK>
    </DD03P>
    <DD03P>
     <FIELDNAME>DOCUMENTATION</FIELDNAME>
     <ADMINFIELD>0</ADMINFIELD>
     <INTTYPE>g</INTTYPE>
     <INTLEN>000008</INTLEN>
     <DATATYPE>STRG</DATATYPE>
     <MASK>  STRG</MASK>
    </DD03P>
    <DD03P>
     <FIELDNAME>PICTUREURL</FIELDNAME>
     <ADMINFIELD>0</ADMINFIELD>
     <INTTYPE>g</INTTYPE>
     <INTLEN>000008</INTLEN>
     <DATATYPE>STRG</DATATYPE>
     <MASK>  STRG</MASK>
    </DD03P>
    <DD03P>
     <FIELDNAME>LASTEDITOR</FIELDNAME>
     <ROLLNAME>VDM_USERID</ROLLNAME>
     <ADMINFIELD>0</ADMINFIELD>
     <COMPTYPE>E</COMPTYPE>
    </DD03P>
    <DD03P>
     <FIELDNAME>EXCELATTACHEMENT</FIELDNAME>
     <ADMINFIELD>0</ADMINFIELD>
     <INTTYPE>y</INTTYPE>
     <INTLEN>000008</INTLEN>
     <DATATYPE>RSTR</DATATYPE>
     <MASK>  RSTR</MASK>
    </DD03P>
    <DD03P>
     <FIELDNAME>EXCELMIMETYPE</FIELDNAME>
     <ADMINFIELD>0</ADMINFIELD>
     <INTTYPE>C</INTTYPE>
     <INTLEN>000256</INTLEN>
     <DATATYPE>CHAR</DATATYPE>
     <LENG>000128</LENG>
     <MASK>  CHAR</MASK>
    </DD03P>
    <DD03P>
     <FIELDNAME>EXCELFILENAME</FIELDNAME>
     <ADMINFIELD>0</ADMINFIELD>
     <INTTYPE>C</INTTYPE>
     <INTLEN>000256</INTLEN>
     <DATATYPE>CHAR</DATATYPE>
     <LENG>000128</LENG>
     <MASK>  CHAR</MASK>
    </DD03P>
    <DD03P>
     <FIELDNAME>PICTUREATTACHEMENT</FIELDNAME>
     <ADMINFIELD>0</ADMINFIELD>
     <INTTYPE>y</INTTYPE>
     <INTLEN>000008</INTLEN>
     <DATATYPE>RSTR</DATATYPE>
     <MASK>  RSTR</MASK>
    </DD03P>
    <DD03P>
     <FIELDNAME>PICTUREMIMETYPE</FIELDNAME>
     <ADMINFIELD>0</ADMINFIELD>
     <INTTYPE>C</INTTYPE>
     <INTLEN>000256</INTLEN>
     <DATATYPE>CHAR</DATATYPE>
     <LENG>000128</LENG>
     <MASK>  CHAR</MASK>
    </DD03P>
    <DD03P>
     <FIELDNAME>PICTUREFILENAME</FIELDNAME>
     <ADMINFIELD>0</ADMINFIELD>
     <INTTYPE>C</INTTYPE>
     <INTLEN>000256</INTLEN>
     <DATATYPE>CHAR</DATATYPE>
     <LENG>000128</LENG>
     <MASK>  CHAR</MASK>
    </DD03P>
    <DD03P>
     <FIELDNAME>LOCALLASTCHANGED</FIELDNAME>
     <ROLLNAME>ABP_LOCINST_LASTCHANGE_TSTMPL</ROLLNAME>
     <ADMINFIELD>0</ADMINFIELD>
     <COMPTYPE>E</COMPTYPE>
    </DD03P>
    <DD03P>
     <FIELDNAME>LASTCHANGED</FIELDNAME>
     <ROLLNAME>ABP_LASTCHANGE_TSTMPL</ROLLNAME>
     <ADMINFIELD>0</ADMINFIELD>
     <COMPTYPE>E</COMPTYPE>
    </DD03P>
    <DD03P>
     <FIELDNAME>.INCLUDE</FIELDNAME>
     <ADMINFIELD>0</ADMINFIELD>
     <PRECFIELD>SYCH_BDL_DRAFT_ADMIN_INC</PRECFIELD>
     <MASK>      S</MASK>
     <DDTEXT>Standard Include for Draft Administration (BDL Syntax Check)</DDTEXT>
     <COMPTYPE>S</COMPTYPE>
     <GROUPNAME>%ADMIN</GROUPNAME>
    </DD03P>
   </DD03P_TABLE>
   <TABL_EXTRAS>
    <TDDAT>
     <TABNAME>ZDJS_CURRD2</TABNAME>
     <CCLASS>CUS_DEV_SUP_DA</CCLASS>
    </TDDAT>
   </TABL_EXTRAS>
  </asx:values>
 </asx:abap>
</abapGit>
