﻿<?xml version="1.0" encoding="utf-8"?>
<abapGit version="v1.0.0" serializer="LCL_OBJECT_SRVB" serializer_version="v1.0.0">
 <asx:abap xmlns:asx="http://www.sap.com/abapxml" version="1.0">
  <asx:values>
   <SRVB>
    <METADATA>
     <NAME>ZJS_UI_FLIGHT_QUERY</NAME>
     <TYPE>SRVB/SVB</TYPE>
     <DESCRIPTION>Serivce Binding O4</DESCRIPTION>
     <LANGUAGE>EN</LANGUAGE>
     <MASTER_LANGUAGE>EN</MASTER_LANGUAGE>
     <ABAP_LANGU_VERSION>5</ABAP_LANGU_VERSION>
    </METADATA>
    <CONTENT>
     <BIND_TYPE_IMPL>
      <NAME>ZJS_UI_FLIGHT_QUERY</NAME>
     </BIND_TYPE_IMPL>
     <BIND_TYPE>INA</BIND_TYPE>
     <SERVICES>
      <item>
       <SERVICE_NAME>ZJS_UI_FLIGHT_QUERY</SERVICE_NAME>
       <SERVICE_CONTENT>
        <item>
         <SERVICE_VERSION>0001</SERVICE_VERSION>
         <RELEASE_STATE>NOT_RELEASED</RELEASE_STATE>
         <SRVD_REF>
          <URI>/sap/bc/adt/ddic/srvd/sources/zjs_sd_flight_query</URI>
          <TYPE>SRVD/SRV</TYPE>
          <NAME>ZJS_SD_FLIGHT_QUERY</NAME>
         </SRVD_REF>
         <BIND_TYPE_DATA>
          <CONTENT>
           <CONTENT_TYPE>application/vnd.sap.adt.businessservices.ina1.v1+json</CONTENT_TYPE>
           <ENCODING>base64</ENCODING>
           <DATA>ewogICJleHRTZXJ2aWNlTmFtZSI6ICJaSlNfVUlfRkxJR0hUX1FVRVJZIiwKICAiYXV0aG9yaXphdGlvbkRlZmF1bHQiOiAiQjc2NkU1RjQ5NTU2MUIzQTcxQ0Q4OEQ5RTRCRTE0SFQiCn0=</DATA>
          </CONTENT>
         </BIND_TYPE_DATA>
        </item>
       </SERVICE_CONTENT>
      </item>
     </SERVICES>
    </CONTENT>
    <BINDING_CREATED>true</BINDING_CREATED>
   </SRVB>
  </asx:values>
 </asx:abap>
</abapGit>
