﻿<?xml version="1.0" encoding="utf-8"?>
<abapGit version="v1.0.0" serializer="LCL_OBJECT_SIA6" serializer_version="v1.0.0">
 <asx:abap xmlns:asx="http://www.sap.com/abapxml" version="1.0">
  <asx:values>
   <SIA6>
    <MAIN_OBJECT>
     <NAME>ZJS_IMAP_FLIGHT_QUERY_EXT</NAME>
     <TYPE>SIA6</TYPE>
     <DESCRIPTION>IAM App for Flight Query Analytics</DESCRIPTION>
     <RESPONSIBLE>CB9980006298</RESPONSIBLE>
     <MASTER_LANGUAGE>EN</MASTER_LANGUAGE>
     <MASTER_SYSTEM>TRL</MASTER_SYSTEM>
     <PACKAGE_REF>
      <PACKAGE_NAME>ZD_ANALYTICS_CLOUD</PACKAGE_NAME>
     </PACKAGE_REF>
     <ABAP_LANGU_VERSION>5</ABAP_LANGU_VERSION>
    </MAIN_OBJECT>
    <APP_ID>ZJS_IMAP_FLIGHT_QUERY_EXT</APP_ID>
    <APP_TYPE>EXT</APP_TYPE>
    <ABAP_LANGUAGE_VERSION>5</ABAP_LANGUAGE_VERSION>
    <SERVICE>
     <item>
      <REL_NAME>ZJS_UI_FLIGHT_QUERY</REL_NAME>
      <REL_TYPE>INA1</REL_TYPE>
      <APP_ID>ZJS_IMAP_FLIGHT_QUERY_EXT</APP_ID>
      <SRVC_NAME>B766E5F495561B3A71CD88D9E4BE14</SRVC_NAME>
      <SRVC_TYPE>HT</SRVC_TYPE>
      <TEXT>Serivce Binding O4</TEXT>
      <TYPE_TEXT>InA - UI</TYPE_TEXT>
     </item>
    </SERVICE>
    <PUBLISH_STATUS>p</PUBLISH_STATUS>
   </SIA6>
  </asx:values>
 </asx:abap>
</abapGit>
