﻿<?xml version="1.0" encoding="utf-8"?>
<abapGit version="v1.0.0" serializer="LCL_OBJECT_TABL" serializer_version="v1.0.0">
 <asx:abap xmlns:asx="http://www.sap.com/abapxml" version="1.0">
  <asx:values>
   <DD02V>
    <TABNAME>ZJS_ABAP_FLI</TABNAME>
    <DDLANGUAGE>E</DDLANGUAGE>
    <TABCLASS>TRANSP</TABCLASS>
    <CLIDEP>X</CLIDEP>
    <DDTEXT>Demo table: Flight</DDTEXT>
    <MASTERLANG>E</MASTERLANG>
    <CONTFLAG>A</CONTFLAG>
    <EXCLASS>1</EXCLASS>
   </DD02V>
   <DD09L>
    <TABNAME>ZJS_ABAP_FLI</TABNAME>
    <AS4LOCAL>A</AS4LOCAL>
    <TABKAT>0</TABKAT>
    <TABART>APPL0</TABART>
    <BUFALLOW>N</BUFALLOW>
   </DD09L>
   <DD03P_TABLE>
    <DD03P>
     <FIELDNAME>MANDT</FIELDNAME>
     <KEYFLAG>X</KEYFLAG>
     <ADMINFIELD>0</ADMINFIELD>
     <INTTYPE>C</INTTYPE>
     <INTLEN>000006</INTLEN>
     <NOTNULL>X</NOTNULL>
     <DATATYPE>CLNT</DATATYPE>
     <LENG>000003</LENG>
     <MASK>  CLNT</MASK>
    </DD03P>
    <DD03P>
     <FIELDNAME>CARRID</FIELDNAME>
     <KEYFLAG>X</KEYFLAG>
     <ADMINFIELD>0</ADMINFIELD>
     <INTTYPE>C</INTTYPE>
     <INTLEN>000006</INTLEN>
     <NOTNULL>X</NOTNULL>
     <DATATYPE>CHAR</DATATYPE>
     <LENG>000003</LENG>
     <MASK>  CHAR</MASK>
    </DD03P>
    <DD03P>
     <FIELDNAME>CONNID</FIELDNAME>
     <KEYFLAG>X</KEYFLAG>
     <ADMINFIELD>0</ADMINFIELD>
     <INTTYPE>N</INTTYPE>
     <INTLEN>000008</INTLEN>
     <NOTNULL>X</NOTNULL>
     <DATATYPE>NUMC</DATATYPE>
     <LENG>000004</LENG>
     <MASK>  NUMC</MASK>
    </DD03P>
    <DD03P>
     <FIELDNAME>FLDATE</FIELDNAME>
     <KEYFLAG>X</KEYFLAG>
     <ADMINFIELD>0</ADMINFIELD>
     <INTTYPE>D</INTTYPE>
     <INTLEN>000016</INTLEN>
     <NOTNULL>X</NOTNULL>
     <DATATYPE>DATS</DATATYPE>
     <LENG>000008</LENG>
     <MASK>  DATS</MASK>
     <SHLPORIGIN>T</SHLPORIGIN>
    </DD03P>
    <DD03P>
     <FIELDNAME>PRICE</FIELDNAME>
     <ADMINFIELD>0</ADMINFIELD>
     <INTTYPE>P</INTTYPE>
     <INTLEN>000008</INTLEN>
     <REFTABLE>ZJS_ABAP_FLI</REFTABLE>
     <REFFIELD>CURRENCY</REFFIELD>
     <DATATYPE>CURR</DATATYPE>
     <LENG>000015</LENG>
     <DECIMALS>000002</DECIMALS>
     <MASK>  CURR</MASK>
    </DD03P>
    <DD03P>
     <FIELDNAME>CURRENCY</FIELDNAME>
     <ADMINFIELD>0</ADMINFIELD>
     <INTTYPE>C</INTTYPE>
     <INTLEN>000010</INTLEN>
     <NOTNULL>X</NOTNULL>
     <DATATYPE>CUKY</DATATYPE>
     <LENG>000005</LENG>
     <MASK>  CUKY</MASK>
    </DD03P>
    <DD03P>
     <FIELDNAME>PLANETYPE</FIELDNAME>
     <ADMINFIELD>0</ADMINFIELD>
     <INTTYPE>C</INTTYPE>
     <INTLEN>000020</INTLEN>
     <NOTNULL>X</NOTNULL>
     <DATATYPE>CHAR</DATATYPE>
     <LENG>000010</LENG>
     <MASK>  CHAR</MASK>
    </DD03P>
    <DD03P>
     <FIELDNAME>SEATSMAX</FIELDNAME>
     <ADMINFIELD>0</ADMINFIELD>
     <INTTYPE>X</INTTYPE>
     <INTLEN>000004</INTLEN>
     <NOTNULL>X</NOTNULL>
     <DATATYPE>INT4</DATATYPE>
     <LENG>000010</LENG>
     <MASK>  INT4</MASK>
    </DD03P>
    <DD03P>
     <FIELDNAME>SEATSOCC</FIELDNAME>
     <ADMINFIELD>0</ADMINFIELD>
     <INTTYPE>X</INTTYPE>
     <INTLEN>000004</INTLEN>
     <NOTNULL>X</NOTNULL>
     <DATATYPE>INT4</DATATYPE>
     <LENG>000010</LENG>
     <MASK>  INT4</MASK>
    </DD03P>
    <DD03P>
     <FIELDNAME>PAYMENTSUM</FIELDNAME>
     <ADMINFIELD>0</ADMINFIELD>
     <INTTYPE>P</INTTYPE>
     <INTLEN>000009</INTLEN>
     <REFTABLE>ZJS_ABAP_FLI</REFTABLE>
     <REFFIELD>CURRENCY</REFFIELD>
     <NOTNULL>X</NOTNULL>
     <DATATYPE>CURR</DATATYPE>
     <LENG>000017</LENG>
     <DECIMALS>000002</DECIMALS>
     <MASK>  CURR</MASK>
    </DD03P>
    <DD03P>
     <FIELDNAME>SEATSMAX_B</FIELDNAME>
     <ADMINFIELD>0</ADMINFIELD>
     <INTTYPE>X</INTTYPE>
     <INTLEN>000004</INTLEN>
     <NOTNULL>X</NOTNULL>
     <DATATYPE>INT4</DATATYPE>
     <LENG>000010</LENG>
     <MASK>  INT4</MASK>
    </DD03P>
    <DD03P>
     <FIELDNAME>SEATSOCC_B</FIELDNAME>
     <ADMINFIELD>0</ADMINFIELD>
     <INTTYPE>X</INTTYPE>
     <INTLEN>000004</INTLEN>
     <NOTNULL>X</NOTNULL>
     <DATATYPE>INT4</DATATYPE>
     <LENG>000010</LENG>
     <MASK>  INT4</MASK>
    </DD03P>
    <DD03P>
     <FIELDNAME>SEATSMAX_F</FIELDNAME>
     <ADMINFIELD>0</ADMINFIELD>
     <INTTYPE>X</INTTYPE>
     <INTLEN>000004</INTLEN>
     <NOTNULL>X</NOTNULL>
     <DATATYPE>INT4</DATATYPE>
     <LENG>000010</LENG>
     <MASK>  INT4</MASK>
    </DD03P>
    <DD03P>
     <FIELDNAME>SEATSOCC_F</FIELDNAME>
     <ADMINFIELD>0</ADMINFIELD>
     <INTTYPE>X</INTTYPE>
     <INTLEN>000004</INTLEN>
     <NOTNULL>X</NOTNULL>
     <DATATYPE>INT4</DATATYPE>
     <LENG>000010</LENG>
     <MASK>  INT4</MASK>
    </DD03P>
   </DD03P_TABLE>
   <TABL_EXTRAS>
    <TDDAT>
     <TABNAME>ZJS_ABAP_FLI</TABNAME>
     <CCLASS>CUS_DEV_SUP_DA</CCLASS>
    </TDDAT>
   </TABL_EXTRAS>
  </asx:values>
 </asx:abap>
</abapGit>
