﻿<?xml version="1.0" encoding="utf-8"?>
<abapGit version="v1.0.0" serializer="LCL_OBJECT_TABL" serializer_version="v1.0.0">
 <asx:abap xmlns:asx="http://www.sap.com/abapxml" version="1.0">
  <asx:values>
   <DD02V>
    <TABNAME>ZDJS_EXCEL_DATA</TABNAME>
    <DDLANGUAGE>E</DDLANGUAGE>
    <TABCLASS>TRANSP</TABCLASS>
    <CLIDEP>X</CLIDEP>
    <DDTEXT>ZDJS_EXCEL_DATA</DDTEXT>
    <MASTERLANG>E</MASTERLANG>
    <CONTFLAG>A</CONTFLAG>
    <EXCLASS>1</EXCLASS>
   </DD02V>
   <DD09L>
    <TABNAME>ZDJS_EXCEL_DATA</TABNAME>
    <AS4LOCAL>A</AS4LOCAL>
    <TABKAT>0</TABKAT>
    <TABART>APPL0</TABART>
    <BUFALLOW>N</BUFALLOW>
   </DD09L>
   <DD03P_TABLE>
    <DD03P>
     <FIELDNAME>CLIENT</FIELDNAME>
     <KEYFLAG>X</KEYFLAG>
     <ADMINFIELD>0</ADMINFIELD>
     <INTTYPE>C</INTTYPE>
     <INTLEN>000006</INTLEN>
     <NOTNULL>X</NOTNULL>
     <DATATYPE>CLNT</DATATYPE>
     <LENG>000003</LENG>
     <MASK>  CLNT</MASK>
    </DD03P>
    <DD03P>
     <FIELDNAME>END_USER</FIELDNAME>
     <KEYFLAG>X</KEYFLAG>
     <ROLLNAME>SYUNAME</ROLLNAME>
     <CHECKTABLE>ZDJS_EXCEL_USER</CHECKTABLE>
     <ADMINFIELD>0</ADMINFIELD>
     <NOTNULL>X</NOTNULL>
     <SHLPORIGIN>P</SHLPORIGIN>
     <COMPTYPE>E</COMPTYPE>
    </DD03P>
    <DD03P>
     <FIELDNAME>FILE_ID</FIELDNAME>
     <KEYFLAG>X</KEYFLAG>
     <ROLLNAME>SYSUUID_X16</ROLLNAME>
     <CHECKTABLE>ZDJS_EXCEL_USER</CHECKTABLE>
     <ADMINFIELD>0</ADMINFIELD>
     <NOTNULL>X</NOTNULL>
     <SHLPORIGIN>P</SHLPORIGIN>
     <COMPTYPE>E</COMPTYPE>
    </DD03P>
    <DD03P>
     <FIELDNAME>LINE_ID</FIELDNAME>
     <KEYFLAG>X</KEYFLAG>
     <ROLLNAME>SYSUUID_X16</ROLLNAME>
     <ADMINFIELD>0</ADMINFIELD>
     <NOTNULL>X</NOTNULL>
     <COMPTYPE>E</COMPTYPE>
    </DD03P>
    <DD03P>
     <FIELDNAME>LINE_NO</FIELDNAME>
     <KEYFLAG>X</KEYFLAG>
     <ADMINFIELD>0</ADMINFIELD>
     <INTTYPE>N</INTTYPE>
     <INTLEN>000020</INTLEN>
     <NOTNULL>X</NOTNULL>
     <DATATYPE>NUMC</DATATYPE>
     <LENG>000010</LENG>
     <MASK>  NUMC</MASK>
    </DD03P>
    <DD03P>
     <FIELDNAME>PO_NUMBER</FIELDNAME>
     <ADMINFIELD>0</ADMINFIELD>
     <INTTYPE>C</INTTYPE>
     <INTLEN>000020</INTLEN>
     <DATATYPE>CHAR</DATATYPE>
     <LENG>000010</LENG>
     <MASK>  CHAR</MASK>
    </DD03P>
    <DD03P>
     <FIELDNAME>PO_ITEM</FIELDNAME>
     <ADMINFIELD>0</ADMINFIELD>
     <INTTYPE>C</INTTYPE>
     <INTLEN>000020</INTLEN>
     <DATATYPE>CHAR</DATATYPE>
     <LENG>000010</LENG>
     <MASK>  CHAR</MASK>
    </DD03P>
    <DD03P>
     <FIELDNAME>GR_QUANTITY</FIELDNAME>
     <ADMINFIELD>0</ADMINFIELD>
     <INTTYPE>P</INTTYPE>
     <INTLEN>000007</INTLEN>
     <DATATYPE>DEC</DATATYPE>
     <LENG>000013</LENG>
     <DECIMALS>000003</DECIMALS>
     <MASK>  DEC</MASK>
    </DD03P>
    <DD03P>
     <FIELDNAME>UNIT_OF_MEASURE</FIELDNAME>
     <ADMINFIELD>0</ADMINFIELD>
     <INTTYPE>C</INTTYPE>
     <INTLEN>000032</INTLEN>
     <DATATYPE>CHAR</DATATYPE>
     <LENG>000016</LENG>
     <MASK>  CHAR</MASK>
    </DD03P>
    <DD03P>
     <FIELDNAME>SITE_ID</FIELDNAME>
     <ADMINFIELD>0</ADMINFIELD>
     <INTTYPE>C</INTTYPE>
     <INTLEN>000032</INTLEN>
     <DATATYPE>CHAR</DATATYPE>
     <LENG>000016</LENG>
     <MASK>  CHAR</MASK>
    </DD03P>
    <DD03P>
     <FIELDNAME>HEADER_TEXT</FIELDNAME>
     <ADMINFIELD>0</ADMINFIELD>
     <INTTYPE>C</INTTYPE>
     <INTLEN>000080</INTLEN>
     <DATATYPE>CHAR</DATATYPE>
     <LENG>000040</LENG>
     <MASK>  CHAR</MASK>
    </DD03P>
   </DD03P_TABLE>
   <DD05M_TABLE>
    <DD05M>
     <FIELDNAME>END_USER</FIELDNAME>
     <FORTABLE>*</FORTABLE>
     <CHECKTABLE>ZDJS_EXCEL_USER</CHECKTABLE>
     <CHECKFIELD>CLIENT</CHECKFIELD>
     <PRIMPOS>0001</PRIMPOS>
     <DATATYPE>CLNT</DATATYPE>
     <LENG>000003</LENG>
    </DD05M>
    <DD05M>
     <FIELDNAME>END_USER</FIELDNAME>
     <FORTABLE>ZDJS_EXCEL_DATA</FORTABLE>
     <FORKEY>END_USER</FORKEY>
     <CHECKTABLE>ZDJS_EXCEL_USER</CHECKTABLE>
     <CHECKFIELD>END_USER</CHECKFIELD>
     <PRIMPOS>0002</PRIMPOS>
     <DOMNAME>SYCHAR12</DOMNAME>
     <DATATYPE>CHAR</DATATYPE>
     <LENG>000012</LENG>
    </DD05M>
    <DD05M>
     <FIELDNAME>END_USER</FIELDNAME>
     <FORTABLE>*</FORTABLE>
     <CHECKTABLE>ZDJS_EXCEL_USER</CHECKTABLE>
     <CHECKFIELD>FILE_ID</CHECKFIELD>
     <PRIMPOS>0003</PRIMPOS>
     <DOMNAME>SYSUUID_X16</DOMNAME>
     <DATATYPE>RAW</DATATYPE>
     <LENG>000016</LENG>
    </DD05M>
    <DD05M>
     <FIELDNAME>FILE_ID</FIELDNAME>
     <FORTABLE>*</FORTABLE>
     <CHECKTABLE>ZDJS_EXCEL_USER</CHECKTABLE>
     <CHECKFIELD>CLIENT</CHECKFIELD>
     <PRIMPOS>0001</PRIMPOS>
     <DATATYPE>CLNT</DATATYPE>
     <LENG>000003</LENG>
    </DD05M>
    <DD05M>
     <FIELDNAME>FILE_ID</FIELDNAME>
     <FORTABLE>ZDJS_EXCEL_DATA</FORTABLE>
     <FORKEY>END_USER</FORKEY>
     <CHECKTABLE>ZDJS_EXCEL_USER</CHECKTABLE>
     <CHECKFIELD>END_USER</CHECKFIELD>
     <PRIMPOS>0002</PRIMPOS>
     <DOMNAME>SYCHAR12</DOMNAME>
     <DATATYPE>CHAR</DATATYPE>
     <LENG>000012</LENG>
    </DD05M>
    <DD05M>
     <FIELDNAME>FILE_ID</FIELDNAME>
     <FORTABLE>ZDJS_EXCEL_DATA</FORTABLE>
     <FORKEY>FILE_ID</FORKEY>
     <CHECKTABLE>ZDJS_EXCEL_USER</CHECKTABLE>
     <CHECKFIELD>FILE_ID</CHECKFIELD>
     <PRIMPOS>0003</PRIMPOS>
     <DOMNAME>SYSUUID_X16</DOMNAME>
     <DATATYPE>RAW</DATATYPE>
     <LENG>000016</LENG>
    </DD05M>
   </DD05M_TABLE>
   <DD08V_TABLE>
    <DD08V>
     <FIELDNAME>END_USER</FIELDNAME>
     <CHECKTABLE>ZDJS_EXCEL_USER</CHECKTABLE>
     <CLASFIELD>*</CLASFIELD>
     <CHECKFLAG>X</CHECKFLAG>
    </DD08V>
    <DD08V>
     <FIELDNAME>FILE_ID</FIELDNAME>
     <CHECKTABLE>ZDJS_EXCEL_USER</CHECKTABLE>
     <CLASFIELD>*</CLASFIELD>
     <CHECKFLAG>X</CHECKFLAG>
    </DD08V>
   </DD08V_TABLE>
   <TABL_EXTRAS>
    <TDDAT>
     <TABNAME>ZDJS_EXCEL_DATA</TABNAME>
     <CCLASS>CUS_DEV_SUP_DA</CCLASS>
    </TDDAT>
   </TABL_EXTRAS>
  </asx:values>
 </asx:abap>
</abapGit>
