﻿<?xml version="1.0" encoding="utf-8"?>
<abapGit version="v1.0.0" serializer="LCL_OBJECT_SIA3" serializer_version="v1.0.0">
 <asx:abap xmlns:asx="http://www.sap.com/abapxml" version="1.0">
  <asx:values>
   <SIA3>
    <NAME>ZAJS_MAT</NAME>
    <DESCRIPTION>Authorization for material</DESCRIPTION>
    <ABAP_LANGU_VERSION>5</ABAP_LANGU_VERSION>
    <AUTH_OBJECT_ID>ZAJS_MAT</AUTH_OBJECT_ID>
    <AUTH_OBJECT>ZAJS_MAT</AUTH_OBJECT>
    <ACTIVITY_FIELD>ZAJS_MATNR</ACTIVITY_FIELD>
    <ABAP_LANGUAGE_VERSION>5</ABAP_LANGUAGE_VERSION>
   </SIA3>
  </asx:values>
 </asx:abap>
</abapGit>
