﻿<?xml version="1.0" encoding="utf-8"?>
<abapGit version="v1.0.0" serializer="LCL_OBJECT_TABL" serializer_version="v1.0.0">
 <asx:abap xmlns:asx="http://www.sap.com/abapxml" version="1.0">
  <asx:values>
   <DD02V>
    <TABNAME>ZJS_ST_FILE_TABLE</TABNAME>
    <DDLANGUAGE>E</DDLANGUAGE>
    <TABCLASS>INTTAB</TABCLASS>
    <DDTEXT>file_table</DDTEXT>
    <MASTERLANG>E</MASTERLANG>
   </DD02V>
   <DD03P_TABLE>
    <DD03P>
     <FIELDNAME>FILENAME</FIELDNAME>
     <ADMINFIELD>0</ADMINFIELD>
     <INTTYPE>C</INTTYPE>
     <INTLEN>002048</INTLEN>
     <DATATYPE>CHAR</DATATYPE>
     <LENG>001024</LENG>
     <MASK>  CHAR</MASK>
     <DDTEXT>File name</DDTEXT>
    </DD03P>
   </DD03P_TABLE>
  </asx:values>
 </asx:abap>
</abapGit>
