﻿<?xml version="1.0" encoding="utf-8"?>
<abapGit version="v1.0.0" serializer="LCL_OBJECT_SIA1" serializer_version="v1.0.0">
 <asx:abap xmlns:asx="http://www.sap.com/abapxml" version="1.0">
  <asx:values>
   <SIA1>
    <MAIN_OBJECT>
     <DESCRIPTION>Business Catalog for Travel</DESCRIPTION>
     <ABAP_LANGU_VERSION>5</ABAP_LANGU_VERSION>
    </MAIN_OBJECT>
    <OBJECT_VISIBILITY>
     <IS_BU_CATALOG_TYPE_VISIBLE>X</IS_BU_CATALOG_TYPE_VISIBLE>
     <DEFAULT_BU_CATALOG_TYPE>A</DEFAULT_BU_CATALOG_TYPE>
     <IS_SCOPE_DEPENDENT_VISIBLE>X</IS_SCOPE_DEPENDENT_VISIBLE>
     <IS_SCOPE_DEPENDENT_EDITABLE>X</IS_SCOPE_DEPENDENT_EDITABLE>
     <IS_RESTRICTABLE_EDITABLE>X</IS_RESTRICTABLE_EDITABLE>
    </OBJECT_VISIBILITY>
    <BU_CATALOG_ID>ZBC_TRAVEL</BU_CATALOG_ID>
    <BU_CATALOG_TYPE>A</BU_CATALOG_TYPE>
    <SCOPE_STATUS>3</SCOPE_STATUS>
    <SCOPE_STATUS_TEXT>On</SCOPE_STATUS_TEXT>
    <CATALOG_ID>ZBC_TRAVEL</CATALOG_ID>
    <AGR_NAME>ZBC_TRAVEL</AGR_NAME>
    <RTYPES>
     <item>
      <ID>ZOSTAT0908</ID>
      <TEXT>Restriction type for travel appp</TEXT>
      <READ_ACCESS>X</READ_ACCESS>
      <WRITE_ACCESS>X</WRITE_ACCESS>
     </item>
    </RTYPES>
    <ABAP_LANGUAGE_VERSION>5</ABAP_LANGUAGE_VERSION>
    <BUCAPP>
     <item>
      <BU_CATALOG_APP_ID>ZBC_TRAVEL_0001</BU_CATALOG_APP_ID>
      <BU_CATALOG_ID>ZBC_TRAVEL</BU_CATALOG_ID>
      <APP_ID>ZJS_UI_TRAVEL_EXT</APP_ID>
      <ROLE_CHANGE>A</ROLE_CHANGE>
      <CATALOG_CHANGE>A</CATALOG_CHANGE>
      <GROUP_CHANGE>A</GROUP_CHANGE>
      <CHIP_ID>X-SAP-UI2-PAGE:X-SAP-UI2-CATALOGPAGE:ZBC_TRAVEL:9MGSTOPL5CTINA0SZ3K382547</CHIP_ID>
      <ABAP_LANGUAGE_VERSION>5</ABAP_LANGUAGE_VERSION>
     </item>
    </BUCAPP>
    <PUBLISH_STATUS>p</PUBLISH_STATUS>
   </SIA1>
  </asx:values>
 </asx:abap>
</abapGit>
