﻿<?xml version="1.0" encoding="utf-8"?>
<abapGit version="v1.0.0" serializer="LCL_OBJECT_SIA6" serializer_version="v1.0.0">
 <asx:abap xmlns:asx="http://www.sap.com/abapxml" version="1.0">
  <asx:values>
   <SIA6>
    <MAIN_OBJECT>
     <NAME>ZJS_UI_TRAVEL_EXT</NAME>
     <TYPE>SIA6</TYPE>
     <DESCRIPTION>Travel App</DESCRIPTION>
     <RESPONSIBLE>CB9980006298</RESPONSIBLE>
     <MASTER_LANGUAGE>EN</MASTER_LANGUAGE>
     <MASTER_SYSTEM>TRL</MASTER_SYSTEM>
     <PACKAGE_REF>
      <PACKAGE_NAME>ZJS_AUTHORIZATION</PACKAGE_NAME>
     </PACKAGE_REF>
     <ABAP_LANGU_VERSION>5</ABAP_LANGU_VERSION>
    </MAIN_OBJECT>
    <APP_ID>ZJS_UI_TRAVEL_EXT</APP_ID>
    <APP_TYPE>EXT</APP_TYPE>
    <ABAP_LANGUAGE_VERSION>5</ABAP_LANGUAGE_VERSION>
    <AUTH>
     <item>
      <AUTH_OBJECT>ZOSTAT0908</AUTH_OBJECT>
      <STATUS>U</STATUS>
      <TEXT>Authorization object for Travel Status</TEXT>
      <AUTH_ITEM>
       <item>
        <UUID>oo/rJiBXH9CRjOSwOr46Zw==</UUID>
        <AUTH_OBJECT>ZOSTAT0908</AUTH_OBJECT>
        <AUTH_OBJECT_INSTANCE>0001</AUTH_OBJECT_INSTANCE>
        <TEXT>Authorization object for Travel Status</TEXT>
        <STATUS>U</STATUS>
        <VALUES>
         <item>
          <FIELD>ZOSTAT0908</FIELD>
          <VALUES>
           <item>
            <UUID>oo/rJiBXH9CRjOSwOr5aZw==</UUID>
           </item>
          </VALUES>
          <TEXT>Flight Reference Scenario: Travel Status</TEXT>
          <STATUS>U</STATUS>
         </item>
         <item>
          <FIELD>ACTVT</FIELD>
          <VALUE>Delete,Display,Change,Create or generate</VALUE>
          <VALUES>
           <item>
            <UUID>oo/rJiBXH9CRjOSwOr7aZw==</UUID>
            <LOW_VALUE>06</LOW_VALUE>
           </item>
           <item>
            <UUID>oo/rJiBXH9CRjOSwOr66Zw==</UUID>
            <LOW_VALUE>03</LOW_VALUE>
           </item>
           <item>
            <UUID>oo/rJiBXH9CRjOSwOr6aZw==</UUID>
            <LOW_VALUE>02</LOW_VALUE>
           </item>
           <item>
            <UUID>oo/rJiBXH9CRjOSwOr56Zw==</UUID>
            <LOW_VALUE>01</LOW_VALUE>
           </item>
          </VALUES>
          <TEXT>Activity</TEXT>
          <STATUS>U</STATUS>
          <IS_ACTVT>X</IS_ACTVT>
         </item>
        </VALUES>
       </item>
      </AUTH_ITEM>
     </item>
    </AUTH>
    <PUBLISH_STATUS>p</PUBLISH_STATUS>
   </SIA6>
  </asx:values>
 </asx:abap>
</abapGit>
