﻿<?xml version="1.0" encoding="utf-8"?>
<abapGit version="v1.0.0" serializer="LCL_OBJECT_SIA2" serializer_version="v1.0.0">
 <asx:abap xmlns:asx="http://www.sap.com/abapxml" version="1.0">
  <asx:values>
   <SIA2>
    <NAME>ZOSTAT0908</NAME>
    <DESCRIPTION>Restriction type for travel appp</DESCRIPTION>
    <ABAP_LANGU_VERSION>5</ABAP_LANGU_VERSION>
    <ID>ZOSTAT0908</ID>
    <AGGREGATION_CATEGORY>1</AGGREGATION_CATEGORY>
    <ABAP_LANGUAGE_VERSION>5</ABAP_LANGUAGE_VERSION>
    <FIELDS>
     <item>
      <FIELD_NAME>ZOSTAT0908</FIELD_NAME>
      <TEXT>Flight Reference Scenario: Travel Status</TEXT>
     </item>
    </FIELDS>
    <AUTH_OBJECTS>
     <item>
      <AUTH_OBJECT_ID>ZOSTAT0908</AUTH_OBJECT_ID>
      <AUTH_OBJECT>ZOSTAT0908</AUTH_OBJECT>
      <TEXT>Authorization object for Travel Status</TEXT>
     </item>
    </AUTH_OBJECTS>
    <OBJECT_VISIBILITY>
     <IS_CREATE_BC_VISIBLE>X</IS_CREATE_BC_VISIBLE>
     <IS_ASSIGN_TO_BC_VISIBLE>X</IS_ASSIGN_TO_BC_VISIBLE>
    </OBJECT_VISIBILITY>
    <PUBLISH_STATUS>p</PUBLISH_STATUS>
   </SIA2>
  </asx:values>
 </asx:abap>
</abapGit>
