﻿<?xml version="1.0" encoding="utf-8"?>
<abapGit version="v1.0.0" serializer="LCL_OBJECT_SUSO" serializer_version="v1.0.0">
 <asx:abap xmlns:asx="http://www.sap.com/abapxml" version="1.0">
  <asx:values>
   <TOBJ>
    <OBJCT>ZOSTAT0908</OBJCT>
    <FIEL1>ZOSTAT0908</FIEL1>
    <FIEL2>ACTVT</FIEL2>
    <OCLSS>CPAE</OCLSS>
   </TOBJ>
   <TOBJ_ATTR>
    <OBJCT>ZOSTAT0908</OBJCT>
    <ABAP_LANGUAGE_VERSION>5</ABAP_LANGUAGE_VERSION>
   </TOBJ_ATTR>
   <TOBJT>
    <LANGU>E</LANGU>
    <OBJECT>ZOSTAT0908</OBJECT>
    <TTEXT>Authorization object for Travel Status</TTEXT>
   </TOBJT>
   <TACTZ>
    <TACTZ>
     <BROBJ>ZOSTAT0908</BROBJ>
     <ACTVT>01</ACTVT>
    </TACTZ>
    <TACTZ>
     <BROBJ>ZOSTAT0908</BROBJ>
     <ACTVT>02</ACTVT>
    </TACTZ>
    <TACTZ>
     <BROBJ>ZOSTAT0908</BROBJ>
     <ACTVT>03</ACTVT>
    </TACTZ>
    <TACTZ>
     <BROBJ>ZOSTAT0908</BROBJ>
     <ACTVT>06</ACTVT>
    </TACTZ>
   </TACTZ>
  </asx:values>
 </asx:abap>
</abapGit>
