﻿<?xml version="1.0" encoding="utf-8"?>
<abapGit version="v1.0.0" serializer="LCL_OBJECT_SIA6" serializer_version="v1.0.0">
 <asx:abap xmlns:asx="http://www.sap.com/abapxml" version="1.0">
  <asx:values>
   <SIA6>
    <MAIN_OBJECT>
     <NAME>ZIJS_PARTNER_EXT</NAME>
     <TYPE>SIA6</TYPE>
     <DESCRIPTION>IAM App for Partner</DESCRIPTION>
     <RESPONSIBLE>CB9980000716</RESPONSIBLE>
     <MASTER_LANGUAGE>EN</MASTER_LANGUAGE>
     <MASTER_SYSTEM>TRL</MASTER_SYSTEM>
     <PACKAGE_REF>
      <PACKAGE_NAME>ZPD_JS_PARTNER_P</PACKAGE_NAME>
     </PACKAGE_REF>
     <ABAP_LANGU_VERSION>5</ABAP_LANGU_VERSION>
    </MAIN_OBJECT>
    <APP_ID>ZIJS_PARTNER_EXT</APP_ID>
    <APP_TYPE>EXT</APP_TYPE>
    <ABAP_LANGUAGE_VERSION>5</ABAP_LANGUAGE_VERSION>
    <UI_APP_ID>ZPD_JS_PARTNER_UI5R</UI_APP_ID>
    <SERVICE>
     <item>
      <REL_NAME>ZUJS_SIMPLEPARTNER_O2UI            0001</REL_NAME>
      <REL_TYPE>IWSV</REL_TYPE>
      <APP_ID>ZIJS_PARTNER_EXT</APP_ID>
      <SRVC_NAME>EBEE86DDF4D6940D466FC967A66D7F</SRVC_NAME>
      <SRVC_TYPE>HT</SRVC_TYPE>
      <UIAD_SRC>ZPD_JS_PARTNER_UI5R</UIAD_SRC>
      <TEXT>Simple UI Service</TEXT>
      <TYPE_TEXT>OData V2</TYPE_TEXT>
     </item>
    </SERVICE>
    <AUTH>
     <item>
      <AUTH_OBJECT>S_TABU_NAM</AUTH_OBJECT>
      <STATUS>U</STATUS>
      <TEXT>Table Access by Generic Standard Tools</TEXT>
      <AUTH_ITEM>
       <item>
        <UUID>jrt2oJWhH9CB2/gGT+TbOQ==</UUID>
        <AUTH_OBJECT>S_TABU_NAM</AUTH_OBJECT>
        <AUTH_OBJECT_INSTANCE>0001</AUTH_OBJECT_INSTANCE>
        <TEXT>Table Access by Generic Standard Tools</TEXT>
        <STATUS>U</STATUS>
        <VALUES>
         <item>
          <FIELD>ACTVT</FIELD>
          <VALUE>Change,Display</VALUE>
          <VALUES>
           <item>
            <UUID>jrt2oJWhH9CB2/gGT+T7OQ==</UUID>
            <LOW_VALUE>02</LOW_VALUE>
           </item>
           <item>
            <UUID>jrt2oJWhH9CB2/gGT+UbOQ==</UUID>
            <LOW_VALUE>03</LOW_VALUE>
           </item>
          </VALUES>
          <TEXT>Activity</TEXT>
          <STATUS>U</STATUS>
          <IS_ACTVT>X</IS_ACTVT>
         </item>
         <item>
          <FIELD>TABLE</FIELD>
          <VALUE>ZDJS_PARTNER</VALUE>
          <VALUES>
           <item>
            <UUID>jrt2oJWhH9CB2/gGT+U7OQ==</UUID>
            <LOW_VALUE>ZDJS_PARTNER</LOW_VALUE>
           </item>
          </VALUES>
          <TEXT>Table Name</TEXT>
          <STATUS>U</STATUS>
         </item>
        </VALUES>
       </item>
      </AUTH_ITEM>
     </item>
    </AUTH>
    <PUBLISH_STATUS>p</PUBLISH_STATUS>
   </SIA6>
  </asx:values>
 </asx:abap>
</abapGit>
