{
  "formatVersion": "1",
  "header": {
    "description": "Partner",
    "originalLanguage": "en",
    "abapLanguageVersion": "cloudDevelopment"
  },
  "generalInformation": {
    "appType": "ui5",
    "catalogId": "SAP_TC_UI5_REPO_UIAD"
  },
  "ui5AppDetails": {
    "appId": "partner"
  },
  "navigation": {
    "targetMappingId": "UI5R_C60409425FE13D66E275EC97BEDFC0006D8095BC_TM",
    "semanticObject": "ZPD_JS_PARTNER",
    "action": "manage",
    "desktop": true,
    "tablet": true,
    "phone": true
  },
  "tiles": [
    {
      "id": "UI5R_C60409425FE13D66E275EC97BEDFC0006D8095BC_AL",
      "tileType": "static",
      "isDefault": true,
      "standard": {
        "title": "Partner",
        "subtitle": "Partner Manage",
        "icon": "sap-icon://account"
      }
    }
  ]
}
