﻿<?xml version="1.0" encoding="utf-8"?>
<abapGit version="v1.0.0" serializer="LCL_OBJECT_SRVB" serializer_version="v1.0.0">
 <asx:abap xmlns:asx="http://www.sap.com/abapxml" version="1.0">
  <asx:values>
   <SRVB>
    <METADATA>
     <NAME>ZUJS_COMPLEX_ENTITY_V2</NAME>
     <TYPE>SRVB/SVB</TYPE>
     <DESCRIPTION>Serivce Binding O2 UI</DESCRIPTION>
     <LANGUAGE>EN</LANGUAGE>
     <MASTER_LANGUAGE>EN</MASTER_LANGUAGE>
     <ABAP_LANGU_VERSION>5</ABAP_LANGU_VERSION>
    </METADATA>
    <CONTENT>
     <BIND_TYPE_IMPL>
      <NAME>ZUJS_COMPLEX_ENTITY_V2</NAME>
     </BIND_TYPE_IMPL>
     <BIND_TYPE>ODATA</BIND_TYPE>
     <BIND_TYPE_VERSION>V2</BIND_TYPE_VERSION>
     <SERVICES>
      <item>
       <SERVICE_NAME>ZUJS_COMPLEX_ENTITY_V2</SERVICE_NAME>
       <SERVICE_CONTENT>
        <item>
         <SERVICE_VERSION>0001</SERVICE_VERSION>
         <RELEASE_STATE>NOT_RELEASED</RELEASE_STATE>
         <SRVD_REF>
          <URI>/sap/bc/adt/ddic/srvd/sources/zsjs_complex_entity</URI>
          <TYPE>SRVD/SRV</TYPE>
          <NAME>ZSJS_COMPLEX_ENTITY</NAME>
         </SRVD_REF>
         <BIND_TYPE_DATA>
          <CONTENT>
           <ENCODING>base64</ENCODING>
          </CONTENT>
         </BIND_TYPE_DATA>
        </item>
       </SERVICE_CONTENT>
      </item>
     </SERVICES>
    </CONTENT>
    <CONTRACT>C1</CONTRACT>
    <RELEASE_SUPPORTED>true</RELEASE_SUPPORTED>
    <PUBLISHED>true</PUBLISHED>
    <BINDING_CREATED>true</BINDING_CREATED>
   </SRVB>
  </asx:values>
 </asx:abap>
</abapGit>
