﻿<?xml version="1.0" encoding="utf-8"?>
<abapGit version="v1.0.0" serializer="LCL_OBJECT_SCO1" serializer_version="v1.0.0">
 <asx:abap xmlns:asx="http://www.sap.com/abapxml" version="1.0">
  <asx:values>
   <SCO1>
    <COMMUNICATION_SCENARIO_ID>ZCMJS_DEEP_ACTION</COMMUNICATION_SCENARIO_ID>
    <COMMUNICATION_SCENARIO_TYPE>1</COMMUNICATION_SCENARIO_TYPE>
    <ALLOWED_CA_INSTANCES>1</ALLOWED_CA_INSTANCES>
    <CONTAINS_INBOUND>X</CONTAINS_INBOUND>
    <IB_TRUST_PSE_ID>SSLC_CUSTOMER_DEFAULT</IB_TRUST_PSE_ID>
    <IB_BASIC_AUTH>X</IB_BASIC_AUTH>
    <IB_X509_AUTH>X</IB_X509_AUTH>
    <INBOUND_ROLE_ID>ZCR_AIQMLLKOGIP5BCEG5JNWYIYNWQ</INBOUND_ROLE_ID>
    <OB_AUTH_PSE_ID>SSLC_CUSTOMER_DEFAULT</OB_AUTH_PSE_ID>
    <OB_TRUST_PSE_ID>SSLC_CUSTOMER_DEFAULT</OB_TRUST_PSE_ID>
    <OB_BASIC_AUTH>X</OB_BASIC_AUTH>
    <OB_X509_AUTH>X</OB_X509_AUTH>
    <OB_OAUTH2_CLIENT_PROFILE>SAP_APS_COM_A4C_CSCN_SCP</OB_OAUTH2_CLIENT_PROFILE>
    <ABAP_LANGUAGE_VERSION>5</ABAP_LANGUAGE_VERSION>
    <MAIN_OBJECT>
     <NAME>ZCMJS_DEEP_ACTION</NAME>
     <TYPE>SCO1</TYPE>
     <DESCRIPTION>Communication Scenario</DESCRIPTION>
     <ABAP_LANGU_VERSION>5</ABAP_LANGU_VERSION>
    </MAIN_OBJECT>
    <SCOPE_STATUS>3</SCOPE_STATUS>
    <SCOPE_STATUS_TEXT>On</SCOPE_STATUS_TEXT>
    <INBOUND>
     <item>
      <COMMUNICATION_SCENARIO_ID>ZCMJS_DEEP_ACTION</COMMUNICATION_SCENARIO_ID>
      <INBOUND_ID>0001</INBOUND_ID>
      <IBS_ID>ZUJS_DEEP_ACTION_0001_G4BA</IBS_ID>
      <RELEASE_STATUS>1</RELEASE_STATUS>
      <IBS_TYPE>G4BA</IBS_TYPE>
      <IBS_TYPE_TEXT>OData V4</IBS_TYPE_TEXT>
      <TEXT>ZUJS_DEEP_ACTION</TEXT>
      <SRVC_TYPE>HT</SRVC_TYPE>
      <SRVC_NAME>B420CA72A8376592BDF2A79C123F33</SRVC_NAME>
     </item>
    </INBOUND>
    <AUTH>
     <item>
      <AUTH_OBJECT>S_TABU_NAM</AUTH_OBJECT>
      <STATUS>U</STATUS>
      <TEXT>Table Access by Generic Standard Tools</TEXT>
      <AUTH_ITEM>
       <item>
        <UUID>IsxDmGMAHu+/4vCnnWCvfA==</UUID>
        <AUTH_OBJECT>S_TABU_NAM</AUTH_OBJECT>
        <AUTH_OBJECT_INSTANCE>0001</AUTH_OBJECT_INSTANCE>
        <TEXT>Table Access by Generic Standard Tools</TEXT>
        <STATUS>U</STATUS>
        <VALUES>
         <item>
          <FIELD>ACTVT</FIELD>
          <VALUE>Change, Display, Display change documents</VALUE>
          <VALUES>
           <item>
            <UUID>IsxDmGMAHu+/4vCnnWEPfA==</UUID>
            <LOW_VALUE>02</LOW_VALUE>
           </item>
           <item>
            <UUID>IsxDmGMAHu+/4vCnnWDvfA==</UUID>
            <LOW_VALUE>03</LOW_VALUE>
           </item>
           <item>
            <UUID>IsxDmGMAHu+/4vCnnWDPfA==</UUID>
            <LOW_VALUE>08</LOW_VALUE>
           </item>
          </VALUES>
          <TEXT>Activity</TEXT>
          <STATUS>U</STATUS>
          <IS_ACTVT>X</IS_ACTVT>
         </item>
         <item>
          <FIELD>TABLE</FIELD>
          <VALUE>ZDJS_INVOICE</VALUE>
          <VALUES>
           <item>
            <UUID>IsxDmGMAHu+/4vCnnWEvfA==</UUID>
            <LOW_VALUE>ZDJS_INVOICE</LOW_VALUE>
           </item>
          </VALUES>
          <TEXT>Table Name</TEXT>
          <STATUS>U</STATUS>
         </item>
        </VALUES>
       </item>
      </AUTH_ITEM>
     </item>
    </AUTH>
    <PUBLISH_STATUS>p</PUBLISH_STATUS>
    <PLUGIN_CONFIG>
     <item>
      <UI_OBJECT>cscn_type_selection</UI_OBJECT>
      <IS_VISIBLE>X</IS_VISIBLE>
      <IS_ENABLED>X</IS_ENABLED>
     </item>
     <item>
      <UI_OBJECT>cscn_obs_ping_supported</UI_OBJECT>
      <IS_VISIBLE>X</IS_VISIBLE>
      <IS_ENABLED>X</IS_ENABLED>
     </item>
     <item>
      <UI_OBJECT>cscn_allow_create_by_key_checkbox</UI_OBJECT>
     </item>
     <item>
      <UI_OBJECT>cscn_badi_impl_class_input</UI_OBJECT>
     </item>
     <item>
      <UI_OBJECT>cscn_scope_status</UI_OBJECT>
     </item>
    </PLUGIN_CONFIG>
   </SCO1>
  </asx:values>
 </asx:abap>
</abapGit>
