﻿<?xml version="1.0" encoding="utf-8"?>
<abapGit version="v1.0.0" serializer="LCL_OBJECT_SCO2" serializer_version="v1.0.0">
 <asx:abap xmlns:asx="http://www.sap.com/abapxml" version="1.0">
  <asx:values>
   <SCO2>
    <IBS_ID>ZJS_UI_RAP100_0001_G4BA</IBS_ID>
    <IBS_TYPE>G4BA</IBS_TYPE>
    <ODATA_V4_GROUP_ID>ZJS_UI_RAP100</ODATA_V4_GROUP_ID>
    <REL_FOR_CUST_CSCN>X</REL_FOR_CUST_CSCN>
    <ABAP_LANGUAGE_VERSION>5</ABAP_LANGUAGE_VERSION>
    <NAME>ZJS_UI_RAP100_0001_G4BA</NAME>
    <DESCRIPTION>ZJS_UI_RAP100</DESCRIPTION>
    <ABAP_LANGU_VERSION>5</ABAP_LANGU_VERSION>
   </SCO2>
  </asx:values>
 </asx:abap>
</abapGit>
